姓名,职务,职称,核心研究方向,简介（30字内）,详细介绍（300字以内）,照片,课题,论文,专著,专利,软著,,,,,,,,,,,,,,,,,,,,,,,,,,,,
杨静,实验室主任,教授,出土医学文献文物数字保护研究,研究领域：中医哲学与生命伦理,"成都中医药大学党委副书记，教授，博士生导师，国务院政府特殊津贴专家，四川省“天府青城计划”（“万人计划”）创新领军人才。先后担任成都中医药大学附属医院（四川省中医院）党委书记、成都中医药大学副校长，现任成都中医药大学党委副书记。兼任四川省社科重点实验室主任，中国哲学史学会中医哲学专委会副会长、中华中医药学会健康管理分会副主任委员、世界中医药学会联合会中医药文化专委会副会长。
主持国家社科基金、教育部项目、国家中医药管理局项目等国家级、部省级科研项目20余项。先后担任全国中医药行业规划教材主编、全国中医药研究生核心课程规划教材主编等。研究成果获中华中医药学会科学技术奖二等奖2项、全国中医药高等教育学会一等奖、四川省人民政府教学成果奖一等奖、四川省哲学社会科学优秀成果二等奖等10余项。",√,中医生命伦理思想史研究,《资本论》内蕴的生命伦理批判,杏林选粹：巴蜀地区民间医药调查与保护利用,中医古籍知识图谱构建方法、设备、介质,《天回医简》数据库软件V1.0,,,,,,,,,,,,,,,,,,,,,,,,,,,,
,,,,,,,出土医学简帛数据库的构建及模式研究,龙门石刻药方灸法应用特点探析,"中医哲学基础
（全国中医药研究生核心课程规划教材）",中医古籍异体字字典构建及文本对齐方法、系统和介质,,,,,,,,,,,,,,,,,,,,,,,,,,,,,
,,,,,,,医学文物文献数据知识发现软件平台研发,生生之道与中医学生命观,,基于大语言模型的中医古籍症状标准化处理方法,,,,,,,,,,,,,,,,,,,,,,,,,,,,,
,,,,,,,新医科背景下医学人文教育模式构建与推广应用研究,技术、资本与身体：医学美容整形的伦理审思,,多层次中医古籍症状标准化处理方法,,,,,,,,,,,,,,,,,,,,,,,,,,,,,
,,,,,,,基于时序知识图谱的中医生命伦理思想演化研究,道家生生思想视野下中医生命伦理思想刍议,,小样本中医古籍标注模型适配方法,,,,,,,,,,,,,,,,,,,,,,,,,,,,,
,,,,,,,,胆黄连的炮制历史沿革及现代研究进展 ,,中医古籍隐含语义与显式术语的关联方法、系统和介质,,,,,,,,,,,,,,,,,,,,,,,,,,,,,
,,,,,,,,隋唐时期香文化对中医学的影响,,融合多维度上下文进行模型自适应优化的中医古籍标注方法,,,,,,,,,,,,,,,,,,,,,,,,,,,,,
,,,,,,,,中医“仁和精诚”生命观融入医学生生命教育的价值意蕴与实践路径,,,,,,,,,,,,,,,,,,,,,,,,,,,,,,,
,,,,,,,,生生之道下孙思邈生命伦理思想发微,,,,,,,,,,,,,,,,,,,,,,,,,,,,,,,
,,,,,,,,《天回医简》“通天”观探析,,,,,,,,,,,,,,,,,,,,,,,,,,,,,,,
,,,,,,,,中医古籍指代关系语料库的构建与指代消解方法研究,,,,,,,,,,,,,,,,,,,,,,,,,,,,,,,
柳长华,智能数据库构建分实验室主任,教授,出土医学文献与文物研究,出土医学文献与文物研究、中医古籍整理与古籍数字化研究、传统医药非物质文化遗产与传统知识保护研究专家。近几年，在主持国家中医药管理局、国家文物局“天回医简”研究中，以辨彰学术，考镜源流的敏锐眼光，证明其学出扁仓医学。,"柳长华，山东淄博人，现任成都中医药大学中国出土医学文献与文物研究院特聘教授、院长，博士研究生导师，入选国家“百千万人才”国家级人选，四川省千人计划专家。曾任山东中医药大学教授，中国中医科学院中国医史文献研究所教授、所长。  
2014年主持国家中医药管理局、国家文物局成都天回汉墓医简研究，以辨章学术、考镜源流的敏锐眼光，证明其学出扁仓医学。主编《天回医简》一书，获全国古籍出版社百佳图书（2022年）一等奖。国家社科基金冷门绝学研究专项学术团队首席专家，主持四川省社科基金特别重大委托项目、重大学术工程等多项国家级、省部级项目。",√,天回医简研究,从《天回医简》看汉晋医经的编撰,天回医简,,《天回医简》数据库软件V1.0,,,,,,,,,,,,,,,,,,,,,,,,,,,,
,,,,,,,《天回医简》研究,三世医学新论,中医百部经典（影印本）第二辑,,,,,,,,,,,,,,,,,,,,,,,,,,,,,,
,,,,,,,天回汉墓髹漆经脉人像研究,犮石考——有关先秦医学史的探索,杏林选粹：巴蜀地区民间医药调查与保护利用,,,,,,,,,,,,,,,,,,,,,,,,,,,,,,
,,,,,,,“荆州胡家草场12号西汉墓出土简牍整理与研究”子项目“医方、杂方的整理与研究”,从出土医学文献看《黄帝内经》中的经脉系统,《天回医简》线装本,,,,,,,,,,,,,,,,,,,,,,,,,,,,,,
,,,,,,,“道教医学经典的整理与研究 ”子项目“道教医学外丹术经典的整理与研究”,五运六气理论对刘完素医学理论体系的影响,中医百部经典（影印本）第三辑,,,,,,,,,,,,,,,,,,,,,,,,,,,,,,
,,,,,,,出土医学文献与文物研究,汉代出土医简汤液医学考,,,,,,,,,,,,,,,,,,,,,,,,,,,,,,,
,,,,,,,出土医学简帛数据库构建研究,论中医药话语体系的构建及语言学的价值内涵,,,,,,,,,,,,,,,,,,,,,,,,,,,,,,,
,,,,,,,《天回医简》比类取象名物研究,始源与应用：天学与术数学知识视域下的针灸“身体图式”,,,,,,,,,,,,,,,,,,,,,,,,,,,,,,,
,,,,,,,出土医学简帛数据库的构建及模式研究,天回医简中的犮法,,,,,,,,,,,,,,,,,,,,,,,,,,,,,,,
,,,,,,,医药考古视域下的川派中医溯源研究——以四川地区汉代墓葬材料为中心,《素问》中《水热穴论篇》《骨空论篇》腧穴分类考,,,,,,,,,,,,,,,,,,,,,,,,,,,,,,,
,,,,,,,,从简帛医方文献论汤液与本草渊源关系,,,,,,,,,,,,,,,,,,,,,,,,,,,,,,,
,,,,,,,,巴蜀医家张觉人稿本《外科问答》学术思想探析,,,,,,,,,,,,,,,,,,,,,,,,,,,,,,,
,,,,,,,,天回汉墓医简《脉书·上经》简三七的编联及对风气致病传变规律的研究,,,,,,,,,,,,,,,,,,,,,,,,,,,,,,,
,,,,,,,,天回医简《脉书·上经》“豆”字考及其脉象研究,,,,,,,,,,,,,,,,,,,,,,,,,,,,,,,
,,,,,,,,论汉代卦气说视角下时令节气的疾病思想,,,,,,,,,,,,,,,,,,,,,,,,,,,,,,,
,,,,,,,,秦汉出土医方学术性质、传播流散与演进脉络研究,,,,,,,,,,,,,,,,,,,,,,,,,,,,,,,
,,,,,,,,《脉书·上经》中四时疾病系统探析,,,,,,,,,,,,,,,,,,,,,,,,,,,,,,,
,,,,,,,,《天回医简〈脉书·上经〉》之“脉句”与带钩浅议,,,,,,,,,,,,,,,,,,,,,,,,,,,,,,,
,,,,,,,,《脉书·上经》重要语句三题,,,,,,,,,,,,,,,,,,,,,,,,,,,,,,,
,,,,,,,,《天回医简》诊损至脉相关词义新证,,,,,,,,,,,,,,,,,,,,,,,,,,,,,,,
,,,,,,,,天回医简《脉书·下经》汤液疾病特色探析,,,,,,,,,,,,,,,,,,,,,,,,,,,,,,,
,,,,,,,,唐代社会背景视域下孙思邈医学形成考论,,,,,,,,,,,,,,,,,,,,,,,,,,,,,,,
,,,,,,,,先秦时期巫与巫医刍论,,,,,,,,,,,,,,,,,,,,,,,,,,,,,,,
,,,,,,,,汉代“八风占”与《灵枢·九宫八风》中的“八风”思想 ,,,,,,,,,,,,,,,,,,,,,,,,,,,,,,,
,,,,,,,,简帛医书中金石类药物的应用特点及研究价值,,,,,,,,,,,,,,,,,,,,,,,,,,,,,,,
,,,,,,,,四川成都“天回医简”考古发现现实意义謭论,,,,,,,,,,,,,,,,,,,,,,,,,,,,,,,
,,,,,,,,新石器时期的巫与巫医初论,,,,,,,,,,,,,,,,,,,,,,,,,,,,,,,
,,,,,,,,《天回医简》文中之训诂研究,,,,,,,,,,,,,,,,,,,,,,,,,,,,,,,
温川飙,数字研究分实验室主任,研究员,古籍数字化,长期从事医学智能、中西医结合大数据、健康穿戴设备研究,研究员，现任中国中医药信息研究会云健康分会会长、中医药专业委员会主任委员。承担重大项目“穴位敏化关键技术智能装备”的研究，开展了穴位敏化诊疗设备的研究。带领团队开发“基于大数据的循证针灸临床决策支持平台”获得四川省科学技术一等奖，并开展“脑电波技术及其在针刺临床研究中的作用”、“针灸治疗中风病临床辨证的一种算法模型探索”、“基于STM32的可穿戴式中医电针治疗仪系统设计”、“基于艾灸作用机制探讨现代灸器的研制现状”等算法的创新研究。,√,基于数据湖技术的疾病主客观征象及生物信息“分层关联网络”的发现及算法研究—糖尿病为例,中医古籍指代关系语料库的构建与指代消解方法研究,"医学信息安全
（全国高等学校教材）",一种基于面部视觉的多模态融合中医体质判别方法及系统,基于中医症状、信息量表和智能交互问诊的数据归一化分层处理系统V1.0,,,,,,,,,,,,,,,,,,,,,,,,,,,,
,,,,,,,中医药AI模型高质量数据集,A Traditional Chinese Medicine Syndrome Classification Model Based on Cross-Feature Generation by Convolution Neural Network: Model Development and Validation,医学图形图像处理,一种基于计算机视觉的面部视频判别中医气血系统,中医文献分析与实体关系标注系统V1.0,,,,,,,,,,,,,,,,,,,,,,,,,,,,
,,,,,,,医学出土文物数字化挖掘及分析,A novel tongue segmentation method based on improved U-Net,数字医疗概论,中医古籍知识图谱构建方法、设备、介质,,,,,,,,,,,,,,,,,,,,,,,,,,,,,
,,,,,,,基于时序知识图谱的中医生命伦理思想演化研究,Global trends in intestinal flora and ulcerative colitis research during the past 10 years: A bibliometric analysis,,基于多波长光源的面部视频判别中医脉象的系统及方法,,,,,,,,,,,,,,,,,,,,,,,,,,,,,
,,,,,,,,Medical prediction from missing data with max-minus negative regularized dropout,,中医古籍异体字字典构建及文本对齐方法、系统和介质,,,,,,,,,,,,,,,,,,,,,,,,,,,,,
,,,,,,,,Glucose trend prediction model based on improved wavelet transform and gated recurrent unit,,基于大语言模型的中医古籍症状标准化处理方法,,,,,,,,,,,,,,,,,,,,,,,,,,,,,
,,,,,,,,"Luteolin, a flavone ingredient: Anticancer mechanisms, combined medication strategy, pharmacokinetics, clinical trials, and pharmaceutical researches",,多层次中医古籍症状标准化处理方法,,,,,,,,,,,,,,,,,,,,,,,,,,,,,
,,,,,,,,MTS-PRO2SAT: Hybrid Mutation Tabu Search Algorithm in Optimizing Probabilistic 2 Satisfiability in Discrete Hopfield Neural Network,,小样本中医古籍标注模型适配方法,,,,,,,,,,,,,,,,,,,,,,,,,,,,,
,,,,,,,,Development of Home Beauty Devices for Facial Rejuvenation: Establishment of Efficacy Evaluation System,,中医古籍隐含语义与显式术语的关联方法、系统和介质,,,,,,,,,,,,,,,,,,,,,,,,,,,,,
,,,,,,,,Efficacy of acupuncture for depression: a systematic review and meta-analysis,,融合多维度上下文进行模型自适应优化的中医古籍标注方法,,,,,,,,,,,,,,,,,,,,,,,,,,,,,
,,,,,,,,Teaching exploration and practice of new engineering medical-engineering integration professional courses under the background of digital education,,,,,,,,,,,,,,,,,,,,,,,,,,,,,,,
,,,,,,,,Exhaled gas biomarkers: a non-invasive approach for distinguishing diabetes and its complications,,,,,,,,,,,,,,,,,,,,,,,,,,,,,,,
,,,,,,,,基于中医五音理论的失眠临床研究进展及存在问题与策略分析,,,,,,,,,,,,,,,,,,,,,,,,,,,,,,,
,,,,,,,,基于中医四诊、西医检验和生物信息的多类型传感器数据归一化分层处理架构的研究,,,,,,,,,,,,,,,,,,,,,,,,,,,,,,,
,,,,,,,,数字疗法在中医药应用中的展望,,,,,,,,,,,,,,,,,,,,,,,,,,,,,,,
,,,,,,,,构建中医辨证解释体系的挑战与思路,,,,,,,,,,,,,,,,,,,,,,,,,,,,,,,
,,,,,,,,PulseNet: Multi-task learning-based non-contact pulse condition diagnosis using multi-scale fusion and transformer,,,,,,,,,,,,,,,,,,,,,,,,,,,,,,,
赵琼,修复保护分实验室主任,研究员,中医古籍整理研究,多年来主要从事中医儿科学的文献整理与临床诊治，擅长中医古籍文献的整理研究,二级教授，医学博士，博士生导师。现为四川省学术技术带头人、四川省中医药学术技术带头人、中华中医药学会儿科分会常务委员、世界中医药联合会儿科专委会常务理事、中国民族医药学会儿科分会常务理事、四川省中医药学会儿科专业委员会常务委员、四川省儿童早期发展与健康研究会中医儿科慢病管理专委会副主任委员、四川省优生托育协会中西医结合儿科分会常务委员等。先后发表学术论文140余篇，主编专著/教材8部，参编21部。主持承担国家级项目3项、部省级课题12项，主持获得省科技进步奖1项，其他科研奖励2项，取得发明专利及软件著作权9项,,巴蜀中医古籍知识库平台构建,非遗视域下高校传统文化美育教育路径研究——以成都中医药大学图书馆为例,儿科古籍文献选读,,中医抄本古籍大数据可视化分析系统,,,,,,,,,,,,,,,,,,,,,,,,,,,,
,,,,,,,巴蜀名医处方脉案手迹搜集整理研究,古籍文献修复可持续发展研究——以四川为例,民国时期温病学文献汇编,,巴蜀中医儿科医案数字化系统,,,,,,,,,,,,,,,,,,,,,,,,,,,,
,,,,,,,《寒疫合编四卷》整理出版,《白喉治法要言》治法用药探析,中国古医籍整理丛书续编 儿科醒,,巴蜀中医处方脉案数字化系统,,,,,,,,,,,,,,,,,,,,,,,,,,,,
,,,,,,,汉文古籍普查研究,数字人文视域下巴蜀中医特色资源知识库构建研究,川派中医名家珍本汇刊,,中医疫病文献大数据可视化分析系统,,,,,,,,,,,,,,,,,,,,,,,,,,,,
,,,,,,,儿科古籍特藏文献整理、修复与挖掘利用研究,芝屿樵客《儿科醒》儿科疾病诊治思想探骊,,,巴蜀中医文库数字化系统,,,,,,,,,,,,,,,,,,,,,,,,,,,,
,,,,,,,中药材染纸与古籍修复保护研究,巴蜀中医古籍知识库建设思路的探讨,,,,,,,,,,,,,,,,,,,,,,,,,,,,,,,
,,,,,,,,基于名医处方手迹浅析巴蜀医家遣方用药特点及思想,,,,,,,,,,,,,,,,,,,,,,,,,,,,,,,
,,,,,,,,明代医家徐用宣《袖珍小儿方》学术思想研究,,,,,,,,,,,,,,,,,,,,,,,,,,,,,,,
任玉兰,展示传播分实验室主任,教授,中医医史文献与文化研究,成都中医药大学二级教授，医史文献学硕士、针灸学博士，博士研究生导师、博士后合作导师。四川省第十三批学术与技术带头人。,成都中医药大学二级教授，医史文献学硕士、针灸学博士，博士研究生导师、博士后合作导师。四川省第十三批学术与技术带头人。从事中医学科研、教学、医疗工作18年。主要研究方向为中医医史文献与文化研究、中医针灸的临床效应与机制研究。先后主持国家自然科学基金项目4项，省部级项目10项，发表学术论文128篇，其中第一作者/通讯作者SCI源刊论文20余篇，主编/副主编规划教材、学术专著8部，获国家科技进步奖二等奖1项、省科技进步一等奖2项，专利11项。,√,出土医药文物3D数据库的建设模式与示范研究,新文科视域下高等中医药院校美育教学体系构建的价值意蕴及路径——以成都中医药大学为例,中医文献学,,,,,,,,,,,,,,,,,,,,,,,,,,,,,,
,,,,,,,巴蜀古医籍书目汇考及数据库建设,刘民叔《素问痿论释难》治痿学术思想探析,"中医药文化学
（全国高等医学院校中医药类系列教材）",,,,,,,,,,,,,,,,,,,,,,,,,,,,,,
,,,,,,,“巴蜀中医药·健康行天下”科普活动,Research Report on Red Traditional Chinese Medicine Cultural Resources in  Bazhong Area,中国古医籍整理丛书续编 伤寒集验,,,,,,,,,,,,,,,,,,,,,,,,,,,,,,
,,,,,,,新文科视域下中医药院校美育教学体系建设研究,从简帛医书看早期中医外感病因理论的发生,,,,,,,,,,,,,,,,,,,,,,,,,,,,,,,
,,,,,,,成都历代名医的历史贡献与当代价值研究,从简帛医书到《伤寒论》：张仲景伤寒辨治体系源流论,,,,,,,,,,,,,,,,,,,,,,,,,,,,,,,
,,,,,,,文字、文化与医道的融通研究,基于系统论的脾肾先后天理论新释,,,,,,,,,,,,,,,,,,,,,,,,,,,,,,,
,,,,,,,《伤寒述微》整理研究,从痉病理论的演进看张仲景对早期简帛医籍的继承与超越,,,,,,,,,,,,,,,,,,,,,,,,,,,,,,,
,,,,,,,闭经古籍文献挖掘与出版,从瘴气到疠气:吴又可瘟疫学说考源,,,,,,,,,,,,,,,,,,,,,,,,,,,,,,,
,,,,,,,出土医学简帛数据库的构建及模式研究,Medical prediction from missing data with max-minus negative regularized dropout,,,,,,,,,,,,,,,,,,,,,,,,,,,,,,,
,,,,,,,基于BERT预训练模型的医案类古籍知识关联与溯源研究,,,,,,,,,,,,,,,,,,,,,,,,,,,,,,,,
林英,修复保护分实验室学术带头人,研究馆员,中医古籍保护与修复研究,20余年持续从事古籍版本鉴定、编目、古籍修复保护研究，阶段性成果较为丰富。,四川省第十二批学术和技术带头人后备人选。中国古籍保护协会古籍编目专业委员会委员、四川省古籍保护与地方文献建设专委会副主任委员等。主要从事古籍文献的整理、编目、版本鉴定和研究工作。主编、点校专著10部，副主编专著4部，主持古籍类部省级、厅局级项目17项，荣获四川省社会科学优秀成果奖三等奖两次、国家中管局科普大赛全国一等奖、四川省科技厅科普微视频二等奖等。先后获得文化部颁发的“全国古籍保护工作先进个人”、四川省人力资源和社会保障厅、四川省文化厅联合颁发的“四川省第一次全国可移动文物普查工作先进个人”、“四川省古籍保护工作示范工作者”等荣誉称号。,,苏轼医学思想整理研究及知识图谱构建,古籍文献修复可持续发展研究——以四川为例,巴蜀中医文献珍本汇刊（第一辑）,,中医抄本古籍大数据可视化分析系统,,,,,,,,,,,,,,,,,,,,,,,,,,,,
,,,,,,,《刘河间伤寒六种附二种》《保命歌括三十五卷》重点修复项目,明代医家徐用宣《袖珍小儿方》学术思想研究,巴蜀中医文献珍本汇刊（第二辑）,,巴蜀中医儿科医案数字化系统,,,,,,,,,,,,,,,,,,,,,,,,,,,,
,,,,,,,巴蜀儿科名家医案整理研究,非遗视域下高校传统文化美育教育路径研究——以成都中医药大学图书馆为例,民国时期温病学文献汇编,,巴蜀中医处方脉案数字化系统,,,,,,,,,,,,,,,,,,,,,,,,,,,,
,,,,,,,《黄帝内经素问二十四卷》《万氏家传保命歌括三十五卷》重点古籍修复项目,方志视域下的传统廉洁文化叙事与现代价值——基于《（同治）重修成都县志》的考察,近代日本医籍中国汉译文献丛书,,中医疫病文献大数据可视化分析系统,,,,,,,,,,,,,,,,,,,,,,,,,,,,
,,,,,,,中药材染纸与古籍修复保护研究,中医药古籍修复管理流程规范（团队标准，标准编号T/CIATCM 117—2024）,中国古医籍整理丛书续编 儿科醒,,巴蜀中医文库数字化系统,,,,,,,,,,,,,,,,,,,,,,,,,,,,
,,,,,,,,《白喉治法要言》治法用药探析,近代西医中国汉译文献丛书,,,,,,,,,,,,,,,,,,,,,,,,,,,,,,
,,,,,,,,数字人文视域下巴蜀中医特色资源知识库构建研究,川派中医名家珍本汇刊,,,,,,,,,,,,,,,,,,,,,,,,,,,,,,
,,,,,,,,芝屿樵客《儿科醒》儿科疾病诊治思想探骊,儿科古籍文献选读,,,,,,,,,,,,,,,,,,,,,,,,,,,,,,
,,,,,,,,巴蜀中医古籍知识库建设思路的探讨,,,,,,,,,,,,,,,,,,,,,,,,,,,,,,,
,,,,,,,,基于名医处方手迹浅析巴蜀医家遣方用药特点及思想,,,,,,,,,,,,,,,,,,,,,,,,,,,,,,,
,,,,,,,,中医药古籍著录规则（团队标准，标准编号T/CIATCM 115—2024 ）,,,,,,,,,,,,,,,,,,,,,,,,,,,,,,,
章红梅,展示传播分实验室骨干,教授,中医古籍文献整理,汉语言文字学博士，教授，硕士生导师。任教于成都中医药大学国学院，主要从事出土文献、中医古籍文献整理、研究以及汉语言文字学研究。,汉语言文字学博士，教授，硕士生导师。任教于成都中医药大学国学院，主要从事出土文献、中医古籍文献整理、研究以及汉语言文字学研究。主讲《医古文》、《中医文献学专论》等课程。先后主持并完成国家社科基金项目、国家出版资助基金项目、教育部古委会项目、教育部一般项目、教育部青年项目、国家中医药管理局子项目、成都中医药大学校基金项目、成都中医药大学教改项目；主持并完成横向课题4项；主持成都中医药大学“杏林青年学者”项目、四川中医药文化协同发展研究中心重点项目、教育部古委会项目、四川省社科联项目各1项，目前在研；参与并完成国家社科基金项目2项、教育部项目1项。发表论文40余篇，其中CCSCI期刊论文14篇，核心期刊21篇，参编教材2部，主编及独著学术著作5部。学术成果先后荣获全国“优秀古籍图书奖”一等奖、四川省第十八次社会科学优秀成果二等奖，教学方面荣获成都中医药大学本科课堂教学质量二等奖。,√,基于语料库汉魏至隋唐石刻传抄古文异体字整理与研究,中国古代对温泉疗疾的认知与利用,,,,,,,,,,,,,,,,,,,,,,,,,,,,,,,
,,,,,,,中国古代涉医石刻文献的搜集、整理与研究,新见唐代《李承宗墓志》考释,,,,,,,,,,,,,,,,,,,,,,,,,,,,,,,
,,,,,,,汉魏至隋唐石刻文献与《汉语大字典》修订研究,,,,,,,,,,,,,,,,,,,,,,,,,,,,,,,,
,,,,,,,唐代医家墓志文献整理与研究,,,,,,,,,,,,,,,,,,,,,,,,,,,,,,,,
王丽,展示传播分实验室骨干,教授,中医古籍整理与中医药文化研究,多年来长期从事与中医古籍文献与文化的教学与科研工作,王丽，成都中医药大学教授，中医医史文献专业博士研究生。长期致力于中医古籍文献整理和中医药文化的研究及相关课程的教学工作。先后主持、参与各级课题多项，发表论文多篇，校注中医古籍《枕藏外科》《外科秘授著要》等，副主编《中华脉学观止》，参编《百年中医史》《揭秘敝昔遗书与漆人》等书，参编《中医文化学》《医古文》等多部全国中医药行业高等教育“十三五”“十四五”规划教材,√,巴蜀中西医结合教育先驱王仁叟医事与医著研究,《天回医简》对辞书编纂的参考价值刍议——以病症名为例,中医流派传承丛书 川派中医,,,,,,,,,,,,,,,,,,,,,,,,,,,,,,
,,,,,,,巴蜀粥养粥疗文献与文化的研究,萧龙友“法当治本”学术思想研究,川派中医名家系列丛书：和中浚,,,,,,,,,,,,,,,,,,,,,,,,,,,,,,
,,,,,,,杨慎涉医研究,齐秉慧《齐氏医案》的学术渊源与特色探析,,,,,,,,,,,,,,,,,,,,,,,,,,,,,,,
,,,,,,,川派中医和中浚学术经验总结与传承研究,,,,,,,,,,,,,,,,,,,,,,,,,,,,,,,,
,,,,,,,川派名医王仁叟传世抄本医著整理与研究,,,,,,,,,,,,,,,,,,,,,,,,,,,,,,,,
,,,,,,,干姜、筠姜的道地产地、名实考证及其文化资源挖掘,,,,,,,,,,,,,,,,,,,,,,,,,,,,,,,,
陈菊,实验室主任助理,副教授,中医人工智能、可解释神经网络,长期从事名中医AI传承及可解释神经网络与智能辨证算法应用研究。,长期从事中医人工智能、名中医经验AI传承及可解释神经网络相关研究，具备高级标准化工程师、数据挖掘与分析应用工程师等专业背景。研究方向聚焦中医临床智能辨证论治算法构建、证候特征挖掘、诊疗规律发现与可解释模型应用，注重将中医理论体系、临床经验知识与人工智能方法深度融合。近年来，围绕名老中医经验传承、中医证候识别、病证结合建模等开展研究实践。在出土医学文物数字化研究中，可结合古代医学文献、文物图像、术语知识和临床理论，开展多源数据整理、知识关联建模与智能分析，为出土医学文物的数字保护、知识发现提供技术支撑。,√,基于数据湖技术的疾病主客观征象及生物信息“分层特征关联网络”的发现及算法研究——糖尿病为例,PRO2SAT: Systematic probabilistic satisfiability logic in discrete hopfield neural network,,,,,,,,,,,,,,,,,,,,,,,,,,,,,,,
,,,,,,,基于时序知识图谱的中医生命伦理思想演化研究,MTS-PRO2SAT: Hybrid mutation tabu search algorithm in optimizing probabilistic 2 satisfiability in discrete hopfield neural network,,,,,,,,,,,,,,,,,,,,,,,,,,,,,,,
,,,,,,,医学文物文献数据知识发现软件平台研发,A Traditional Chinese Medicine Syndrome Classification Model Based on Cross-Feature Generation by Convolution Neural Network: Model Development and Validation,,,,,,,,,,,,,,,,,,,,,,,,,,,,,,,
,,,,,,,医学出土文物数字化挖掘及分析,"FGRA: Toward Flexible Logic Mining with Ensemble Multi-Attribute
Selection and Discrete Hopfield Neural Network",,,,,,,,,,,,,,,,,,,,,,,,,,,,,,,
,,,,,,,,川派中医优势病种的多智能体“跨维度”群决策模型构建探讨,,,,,,,,,,,,,,,,,,,,,,,,,,,,,,,
,,,,,,,,,,,,,,,,,,,,,,,,,,,,,,,,,,,,,,,
张肖瑾,修复保护分实验室学术骨干,副研究馆员,中医古籍保护与修复研究,主要从事中医古籍文献研究。参与多项国家级及部省级课题，参编著作十余部，对中医药古籍的保护与修复、整理挖掘均有研究。,主要从事中医古籍文献整理与学术研究工作，先后参与多项国家级、部省级科研课题研究任务，参编学术专著、古籍整理著作十余部。长期专注中医古籍普查定级、原生保护与修复技艺探究，开展文献资源数字化整理与学术价值阐释，在中医药古籍传承保护、文献挖掘利用均有研究,,成都中医药大学图书馆古籍《脉因证治四卷》《古本难经阐注四卷》等十五种一般修复项目,明代医家徐用宣《袖珍小儿方》学术思想研究,巴蜀中医文献珍本汇刊（第一辑）,,中医抄本古籍大数据可视化分析系统,,,,,,,,,,,,,,,,,,,,,,,,,,,,
,,,,,,,《药要便蒙二卷》 《神农本草经四卷》《辨证录十四卷附胎产秘书三卷》古籍修复项目,巴蜀中医古籍知识库建设思路的探讨,巴蜀中医文献珍本汇刊（第二辑）,,巴蜀中医儿科医案数字化系统,,,,,,,,,,,,,,,,,,,,,,,,,,,,
,,,,,,,巴蜀中医药古籍数字化建设,非遗视域下高校传统文化美育教育路径研究——以成都中医药大学图书馆为例,川派中医名家珍本汇刊,,巴蜀中医处方脉案数字化系统,,,,,,,,,,,,,,,,,,,,,,,,,,,,
,,,,,,,数字人文视野下川派名医处方笺的整理研究,《白喉治法要言》治法用药探析,儿科古籍文献选读,,中医疫病文献大数据可视化分析系统,,,,,,,,,,,,,,,,,,,,,,,,,,,,
,,,,,,,成都名中医处方笺整理及知识图谱构建研究,芝屿樵客《儿科醒》儿科疾病诊治思想探骊,民国时期温病学文献汇编,,巴蜀中医文库数字化系统,,,,,,,,,,,,,,,,,,,,,,,,,,,,
,,,,,,,川派名医唐伯渊手迹搜集整理研究,基于名医处方手迹浅析巴蜀医家遣方用药特点及思想,,,,,,,,,,,,,,,,,,,,,,,,,,,,,,,
,,,,,,,中药材染纸与古籍修复保护研究,,,,,,,,,,,,,,,,,,,,,,,,,,,,,,,,
闵新,数字研究分实验室骨干,助理研究员,古籍数字化,多年来以古籍研究从业者身份投身于古籍数字化领域，对古籍文本识别、古籍数据整编、文献信息标注、古籍数据库搭建等一系列生产流程和内容产出均有深入研究，长期深耕古籍数据处理方向，专注古籍资源数字化转化与结构化整理工作。,多年来以古籍数字化研究从业者身份深耕古籍文献行业，长期专注于古籍数据处理核心领域。从业期间，系统钻研古籍文字录入、文本校勘、异体字整理、古籍信息标引、数据结构化加工、古籍资源数字化转化等一系列完整生产流程与内容产出工作，具备扎实的专业理论功底与丰富的实操经验。聚焦古籍数据清洗、文本规范化处理、古籍知识库搭建等关键方向，持续探索古籍文献数字化整理的方法与路径。熟练应对古籍文献繁杂、文字晦涩、版本多样等整理难点，严谨完成各类古籍数据梳理、校对整合与标准化输出工作。始终秉持严谨务实的治学态度，立足古籍保护与活化利用需求，不断优化古籍数据处理模式，为古籍文献数字化传承、古籍资源高效利用与学术研究赋能。,√,多模态数据与知识驱动的糖尿病并发症“相似性关联网络”构建及风险预测方法研究,Hypergraph topic neural network with cross-modal fusion for latent treatment pattern recommendation ,"大学计算机基础 第8版
（普通高等教育通识类课程教材）",基于大语言模型的中医古籍症状标准化处理方法,,,,,,,,,,,,,,,,,,,,,,,,,,,,,
,,,,,,,,Multi-channel hypergraph topic neural network for clinical treatment pattern mining,"大学计算机基础上机实践教程 第8版
（普通高等教育通识类课程教材）",多层次中医古籍症状标准化处理方法,,,,,,,,,,,,,,,,,,,,,,,,,,,,,
,,,,,,,,中医古籍指代关系语料库的构建与指代消解方法研究,,,,,,,,,,,,,,,,,,,,,,,,,,,,,,,
,,,,,,,,,,,,,,,,,,,,,,,,,,,,,,,,,,,,,,,
,,,,,,,,,,,,,,,,,,,,,,,,,,,,,,,,,,,,,,,
,,,,,,,,,,,,,,,,,,,,,,,,,,,,,,,,,,,,,,,
赵智慧,数字研究分实验室骨干,助理研究员,中医智能诊疗,致力于中医四诊客观化，建立基于面部动态数据的中医疾病辨识方法,致力于中医四诊客观化及智能辅助诊断，建立基于面部动态数据的体质辨识、气血辨识及证型辨识，并整合多源异构数据建立中医优势病种智能辨证模型，为中医面向移动诊疗的便捷化智能辅助诊疗提供新思路方法。,√,基于机器视觉与信号处理技术的“视觉脉诊”研究,PulseNet: Multi-task learning-based non-contact pulse condition diagnosis using multi-scale fusion and transformer,,一种基于面部视觉的多模态融合中医体质判别方法及系统,,,,,,,,,,,,,,,,,,,,,,,,,,,,,
,,,,,,,基于面部rPPG 视频的中医脉诊关键技术研究,基于深度学习多模态融合的2型糖尿病中医证素辨证模型的构建,,一种基于计算机视觉的面部视频判别中医气血系统,,,,,,,,,,,,,,,,,,,,,,,,,,,,,
,,,,,,,,,,基于多波长光源的面部视频判别中医脉象的系统及方法,,,,,,,,,,,,,,,,,,,,,,,,,,,,,
谭超群,数字研究分实验室骨干,助理研究员,中药数智化检测与品质追溯研究,多年来以研究人员身份投身于中药数智化行业，对计算机视觉与智能化检测、品质追溯等全流程均有研究。,谭超群，四川大学工学博士/博士后，多年来以一线科研人员身份长期投身于中药数智化研究行业中，对中药样品标准化采集、多模态数据构建、外观-化学-功效关联分析、智能化质量检测模型开发、品质追溯平台整合等一系列生产流程和内容产出均有深入研究。近年来，先后主持国家自然科学基金青年基金、中国博士后科学基金、四川省博士后特别资助、四川省科技厅青年基金等项目4项，并参与国家科技部重大专项、国自然面上项目、省科技厅等项目5项。以第一作者或通讯作者在国内外知名期刊发表论文近20篇，累计发表论文30余篇，致力于将计算机视觉与深度学习技术应用于中药“辨状论质”理论的数智化表达，推动中药质量评价从传统经验向可量化、可追溯的智能化方向迈进。,√,基于多模态信息融合的中药“外观性状-化学成分-专家经验”质量属性关联表征新方法研究—以花椒为例,Semi-supervised Latent Diffusion Model for Biliary Atresia Class-imbalanced Image Recognition,,基于多尺度特征深度神经网络的半夏产地识别方法与系统,,,,,,,,,,,,,,,,,,,,,,,,,,,,,
,,,,,,,多模态数据驱动的基于“辨状论质”理论花椒品质智能评价方法研究,"Rapid identification of medicinal plants via 
visual feature-based deep learning",,,,,,,,,,,,,,,,,,,,,,,,,,,,,,,
,,,,,,,基于跨模态注意力融合花椒多源感知数据关联解析与协同表征的智能质量评价方法研究,Fine-grained few-shot class-incremental identification of medicinal plants via frequencyaware contrastive learning.,,,,,,,,,,,,,,,,,,,,,,,,,,,,,,,
,,,,,,,基于多源数据融合的中药“外观性状-化学成分-专家经验”质量属性关联表征新方法研究—以川贝母为例,Flavor Grading of Zanthoxylum Based on Computer Vision-Multi-Chromatography Fusion,,,,,,,,,,,,,,,,,,,,,,,,,,,,,,,
,,,,,,,,Visual feature-based multi-scale hybrid attention network for fine-grained Hawthorn varieties identification.,,,,,,,,,,,,,,,,,,,,,,,,,,,,,,,
,,,,,,,,基于多尺度特征深度神经网络的不同产地山楂细粒度图像识别,,,,,,,,,,,,,,,,,,,,,,,,,,,,,,,
毕洋,智能数据库构建分实验室骨干,助理研究员,,,,,医药考古视域下的川派中医溯源研究——以四川地区汉代墓葬材料为中心,《秦汉金文录》收录“厌胜牌”“宜月器”考,杏林选粹：巴蜀地区民间医药调查与保护利用,,,,,,,,,,,,,,,,,,,,,,,,,,,,,,
,,,,,,,成都老官山M3墓主人医学传承来源地的考古学研究,试论西藏阿里地区早期墓葬出土的陶器,,,,,,,,,,,,,,,,,,,,,,,,,,,,,,,
,,,,,,,《天回医简·脉书》比类取象名物考证研究,汉代带柄方身器纹饰与图像探研,,,,,,,,,,,,,,,,,,,,,,,,,,,,,,,
,,,,,,,先秦时期的巫与巫医研究,试论工业考古与工业遗产,,,,,,,,,,,,,,,,,,,,,,,,,,,,,,,
,,,,,,,《黄帝内经》“如操带钩”之带钩形制研究,论云南大理漾濞瓦厂草白幺出土的戈、矛、剑,,,,,,,,,,,,,,,,,,,,,,,,,,,,,,,
,,,,,,,《天回医简》比类取象名物研究,《天回医简〈脉书·上经〉》之“脉句”与带钩浅议,,,,,,,,,,,,,,,,,,,,,,,,,,,,,,,
,,,,,,,考古学视域下秦汉时期贵州少数民族体育文化研究——以考古出土青铜剑为中心,先秦时期巫与巫医刍论,,,,,,,,,,,,,,,,,,,,,,,,,,,,,,,
,,,,,,,《天回医简》考古发现的现实意义与价值研究,金石学著作收录带柄方身器纹饰探析,,,,,,,,,,,,,,,,,,,,,,,,,,,,,,,
,,,,,,,天回医简研究,论贵州出土巴蜀式青铜剑形制的演变,,,,,,,,,,,,,,,,,,,,,,,,,,,,,,,
,,,,,,,出土医学简帛数据库构建研究,四川成都“天回医简”考古发现现实意义謭论,,,,,,,,,,,,,,,,,,,,,,,,,,,,,,,
,,,,,,,,新石器时期的巫与巫医初论,,,,,,,,,,,,,,,,,,,,,,,,,,,,,,,
,,,,,,,,论汉代卦气说视角下时令节气的疾病思想,,,,,,,,,,,,,,,,,,,,,,,,,,,,,,,
赖雪瑜,智能数据库构建分实验室骨干,讲师,出土医学文献,主要从事出土医学文献与文物研究，解读传世医籍,主要从事出土医学文献与文物研究，重点通过出土医学文献与文物的研究对传世医籍解读,√,古《针经》源流研究——以天回医简《脉书》上下经与传世医经为中心,天回医简《脉书·上经》“豆”字考及其脉象研究,《天回医简》线装本,,,,,,,,,,,,,,,,,,,,,,,,,,,,,,
,,,,,,,成都天回镇老官山M1号墓木牍研究,《天回医简》文中之训诂研究,中医百部经典（影印本）第二辑,,,,,,,,,,,,,,,,,,,,,,,,,,,,,,
,,,,,,,天回医简研究,《脉书·上经》重要语句三题,中医百部经典（影印本）第三辑,,,,,,,,,,,,,,,,,,,,,,,,,,,,,,
,,,,,,,出土医学简帛数据库构建研究,,杏林选粹：巴蜀地区民间医药调查与保护利用,,,,,,,,,,,,,,,,,,,,,,,,,,,,,,
,,,,,,,,,,,,,,,,,,,,,,,,,,,,,,,,,,,,,,,
,,,,,,,,,,,,,,,,,,,,,,,,,,,,,,,,,,,,,,,
,,,,,,,,,,,,,,,,,,,,,,,,,,,,,,,,,,,,,,,
雷霆,智能数据库构建分实验室骨干,助理研究员,出土医学文献整理研究,多年来以学者身份投身于中医科研行业中，对出土医学文献整理与数字化均有研究。,雷霆，男，湖南邵阳人。成都中医药大学中国出土医学文献与文物研究院助理研究员。湖南中医药大学中医医史文献专业毕业，获医学硕士学位；成都中医药大学中医医史文献专业毕业，获医学博士学位，师从医史文献专家柳长华教授。多年来以学者身份投身于中医科研行业中，对出土医学文献整理与数字化均有研究。研究方向为出土医学文献研究、古籍数字化、中医古籍整理。目前主要从事《天回医简》医学理论解读，与基于知识元的医学知识计算机表示方法研究。目前围绕《天回医简》已发表《天回汉墓医简<脉书·上经>简三七的编联及对风气致病传变规律的研究》《“誘愓”“訹愓”考兼论汉人对精神疾病认识》《<脉书·上经>四时疾病系统探析》 等论文数篇。,√,医经学视角下天回医简《逆顺五色脉臧验精神》的文献研究,天回汉墓医简《脉书·上经》简三七的编联及对风气致病传变规律的研究,《天回医简》线装本,,《天回医简》数据库软件V1.0,,,,,,,,,,,,,,,,,,,,,,,,,,,,
,,,,,,,天回医简研究,《素问》中《水热穴论篇》《骨空论篇》腧穴分类考,中医百部经典（影印本）第二辑,,,,,,,,,,,,,,,,,,,,,,,,,,,,,,
,,,,,,,《天回医简》比类取象名物研究,“誘愓”“訹愓”考兼论汉人对精神疾病认识,中医百部经典（影印本）第三辑,,,,,,,,,,,,,,,,,,,,,,,,,,,,,,
,,,,,,,,《脉书·上经》中四时疾病系统探析,杏林选粹：巴蜀地区民间医药调查与保护利用,,,,,,,,,,,,,,,,,,,,,,,,,,,,,,
,,,,,,,,,,,,,,,,,,,,,,,,,,,,,,,,,,,,,,,
,,,,,,,,,,,,,,,,,,,,,,,,,,,,,,,,,,,,,,,
杨恺,智能数据库构建分实验室骨干,助理研究员,出土医学文献与文物,长期从事中医医史文献研究，对出土文献与文物等相关内容均有研究。,2018年成都中医药大学李斯炽班毕业，获医学学士学位；2021年成都中医药大学中医临床基础专业毕业，获医学硕士学位；2025年成都中医药大学中医医史文献专业毕业，获医学博士学位。主要研究方向为出土医学文献与文物。参与四川省社科基金特别委托重大项目“天回汉墓髹漆经脉人像研究”、四川省社科基金重大学术工程“《天回医简》研究”。2025年进入成都中医药大学中国出土医学文献与文物研究院工作，主要从事《天回医简》及出土医学文献与文物研究。,,《天回医简·犮理》文献与古治法源流研究,从简帛医方文献论汤液与本草渊源关系,《天回医简》线装本,,,,,,,,,,,,,,,,,,,,,,,,,,,,,,
,,,,,,,天回医简研究,《天回医简》诊损至脉相关词义新证,中医百部经典（影印本）第二辑,,,,,,,,,,,,,,,,,,,,,,,,,,,,,,
,,,,,,,出土医学简帛数据库的构建及模式研究,巴蜀医家张觉人稿本《外科问答》学术思想探析,中医百部经典（影印本）第三辑,,,,,,,,,,,,,,,,,,,,,,,,,,,,,,
,,,,,,,,,杏林选粹：巴蜀地区民间医药调查与保护利用,,,,,,,,,,,,,,,,,,,,,,,,,,,,,,
,,,,,,,,,,,,,,,,,,,,,,,,,,,,,,,,,,,,,,,
,,,,,,,,,,,,,,,,,,,,,,,,,,,,,,,,,,,,,,,
,,,,,,,,,,,,,,,,,,,,,,,,,,,,,,,,,,,,,,,